,artist_name,interaction
0,Arctic Monkeys,4754
1,Linkin Park,4357
2,The Beatles,4271
3,Queen,4241
4,Daft Punk,3727
5,Muse,3712
6,Sia,3587
7,The White Stripes,3520
8,Queens of the Stone Age,3327
9,Red Hot Chili Peppers,3066
10,Iron Maiden,3042
11,The Rolling Stones,2938
12,Radiohead,2870
13,Korn,2865
14,System of a Down,2734
15,Slayer,2729
16,In Flames,2664
17,Boards of Canada,2653
18,Massive Attack,2649
19,Nightwish,2579
20,Anathema,2514
21,Deftones,2511
22,Crystal Castles,2495
23,Nine Inch Nails,2483
24,Marilyn Manson,2390
25,David Bowie,2384
26,Pink Floyd,2351
27,Eminem,2327
28,Opeth,2297
29,blink-182,2288
30,The Smiths,2285
31,The Strokes,2267
32,Bob Dylan,2243
33,The Offspring,2199
34,Gorillaz,2163
35,Amon Amarth,2153
36,Kanye West,2094
37,Tool,2046
38,Rammstein,2028
39,Death,1883
40,A Day to Remember,1877
41,Beastie Boys,1864
42,The Cure,1821
43,Aphex Twin,1821
44,Alice in Chains,1810
45,Placebo,1809
46,Cocteau Twins,1775
47,Paramore,1772
48,Katatonia,1770
49,Guns N' Roses,1766
50,Dark Tranquillity,1742
51,Belle and Sebastian,1741
52,Interpol,1702
53,Bad Religion,1689
54,Amorphis,1686
55,Rise Against,1672
56,Sigur Rós,1666
57,Slipknot,1663
58,Disturbed,1651
59,The Killers,1632
60,Dropkick Murphys,1602
61,Beck,1598
62,Morrissey,1589
63,Jimmy Eat World,1588
64,Misfits,1578
65,Elliott Smith,1536
66,Johnny Cash,1518
67,Passion Pit,1512
68,Sonata Arctica,1509
69,Kings of Leon,1460
70,Megadeth,1457
71,Evanescence,1440
72,Modest Mouse,1427
73,Slowdive,1409
74,Children of Bodom,1369
75,Ariana Grande,1362
76,Animal Collective,1346
77,London Grammar,1341
78,Shakira,1341
79,Five Finger Death Punch,1335
80,Motörhead,1318
81,Oasis,1298
82,Dead Can Dance,1290
83,The National,1277
84,Mogwai,1261
85,Lady Gaga,1258
86,Paradise Lost,1239
87,HIM,1238
88,Sonic Youth,1233
89,Manowar,1231
90,Bullet for My Valentine,1222
91,Pantera,1222
92,Burial,1212
93,Gojira,1200
94,The Knife,1196
95,NOFX,1195
96,Blur,1186
97,John Mayer,1164
98,Vampire Weekend,1158
99,Metallica,1146
100,Limp Bizkit,1111
101,Moderat,1108
102,Black Sabbath,1105
103,Amethystium,1104
104,Yann Tiersen,1103
105,Sum 41,1100
106,Cannibal Corpse,1089
107,Lacuna Coil,1087
108,Bathory,1084
109,The Shins,1077
110,Neutral Milk Hotel,1075
111,Metric,1075
112,AC/DC,1071
113,Arch Enemy,1069
114,Röyksopp,1060
115,Scorpions,1058
116,Audioslave,1053
117,Bon Iver,1052
118,Deicide,1032
119,Air,1030
120,The Raconteurs,1026
121,Brian Eno,1026
122,Fall Out Boy,1025
123,Faith No More,1011
124,Volbeat,1011
125,Nickelback,1008
126,Lamb of God,1003
127,Porcupine Tree,1001
128,Norah Jones,991
129,Mastodon,988
130,Wu-Tang Clan,987
131,God Is An Astronaut,980
132,R.E.M.,977
133,Infected Mushroom,976
134,Brand New,973
135,My Bloody Valentine,966
136,Alt-J,965
137,Judas Priest,953
138,Coldplay,952
139,Breaking Benjamin,950
140,Black Rebel Motorcycle Club,950
141,Papa Roach,946
142,Depeche Mode,940
143,Jay-Z,929
144,As I Lay Dying,925
145,The Notorious B.I.G.,925
146,Ramones,923
147,Trivium,922
148,Pixies,912
149,Garbage,910
150,Avril Lavigne,909
151,Snow Patrol,894
152,Talking Heads,889
153,Apocalyptica,882
154,Foo Fighters,876
155,Ayreon,859
156,Amy Winehouse,858
157,The Magnetic Fields,855
158,Enya,848
159,Eels,843
160,Michael Jackson,841
161,Pavement,838
162,Jack Johnson,835
163,Manic Street Preachers,826
164,Bloc Party,822
165,Band of Horses,821
166,PJ Harvey,815
167,Britney Spears,815
168,Dimmu Borgir,814
169,Green Day,814
170,Guided by Voices,813
171,Pendulum,810
172,Beyoncé,807
173,Rob Zombie,805
174,The xx,800
175,Soundgarden,799
176,Death Cab for Cutie,799
177,Manu Chao,792
178,The Chemical Brothers,792
179,Beirut,787
180,Strapping Young Lad,782
181,Stevie Wonder,775
182,Dio,771
183,AFI,771
184,Agalloch,770
185,3 Doors Down,764
186,Deep Purple,762
187,No Doubt,760
188,OutKast,758
189,The Decemberists,756
190,José González,752
191,Finntroll,748
192,The Kills,740
193,Maroon 5,736
194,Stone Sour,735
195,Bonobo,728
196,Incubus,725
197,Tenacious D,724
198,M.I.A.,722
199,Dinosaur Jr.,720
200,Heaven Shall Burn,720
201,Tori Amos,720
202,The Roots,714
203,Mötley Crüe,712
204,Jefferson Airplane,705
205,Genesis,704
206,Kasabian,702
207,Rush,700
208,The Album Leaf,697
209,Death Grips,696
210,Carcass,696
211,Within Temptation,693
212,Björk,691
213,Godsmack,690
214,The Postal Service,683
215,Sublime,682
216,Blind Guardian,682
217,Zero 7,682
218,A Tribe Called Quest,681
219,Bloodbath,680
220,Leonard Cohen,679
221,Imogen Heap,674
222,Ozzy Osbourne,671
223,Soilwork,671
224,Hammerfall,670
225,Sade,669
226,Diary of Dreams,666
227,Fear Factory,664
228,Flogging Molly,662
229,Taylor Swift,662
230,Helloween,662
231,ATB,660
232,Kamelot,660
233,Billy Talent,658
234,Pearl Jam,656
235,Autechre,653
236,Neil Young,652
237,New Order,652
238,IAMX,650
239,Archive,650
240,Fleet Foxes,645
241,Florence + the Machine,645
242,Diablo Swing Orchestra,642
243,White Lies,641
244,Sufjan Stevens,641
245,The Sisters of Mercy,636
246,Cradle of Filth,636
247,Cage the Elephant,634
248,DJ Shadow,631
249,Weezer,627
250,Regina Spektor,621
251,Tiamat,613
252,Therion,613
253,All Time Low,608
254,Sepultura,606
255,Avenged Sevenfold,606
256,Foals,604
257,Yo La Tengo,601
258,Meshuggah,598
259,Alice Cooper,598
260,Bon Jovi,597
261,Pretty Lights,592
262,Electric Wizard,586
263,Dream Theater,586
264,Feist,581
265,Skinny Puppy,581
266,Minor Threat,580
267,Exodus,580
268,ABBA,576
269,The Cranberries,572
270,The Who,571
271,TV on the Radio,566
272,The Cardigans,566
273,Sting,564
274,Protest the Hero,563
275,My Dying Bride,563
276,Alanis Morissette,562
277,Moonspell,560
278,Deathstars,560
279,Behemoth,557
280,Arcade Fire,555
281,Mariah Carey,554
282,Anthrax,554
283,The Smashing Pumpkins,554
284,Franz Ferdinand,553
285,Napalm Death,551
286,Eddie Vedder,550
287,Skrillex,549
288,Akercocke,549
289,Neil Diamond,548
290,Bad Brains,548
291,Wild Beasts,548
292,Pet Shop Boys,547
293,Madvillain,547
294,Flying Lotus,546
295,Broken Social Scene,545
296,King Crimson,545
297,Korpiklaani,545
298,Black Flag,544
299,Aerosmith,541
300,Yellowcard,541
301,U2,536
302,Led Zeppelin,535
303,The Beach Boys,532
304,Paul Simon,531
305,Jeff Buckley,528
306,At the Drive-In,527
307,Fleetwood Mac,526
308,Morbid Angel,525
309,The Avalanches,523
310,Madonna,521
311,Klaxons,519
312,Van Halen,517
313,Avantasia,514
314,Michael Bublé,508
315,Spoon,507
316,Accept,504
317,Descendents,504
318,Kyuss,501
319,The Prodigy,500
320,Pain,499
321,Tracy Chapman,498
322,Nas,493
323,OneRepublic,493
324,The Mountain Goats,489
325,Emilie Autumn,488
326,Josh Groban,487
327,Ryan Adams,486
328,Dave Matthews Band,482
329,Siouxsie and the Banshees,481
330,Ladytron,477
331,Bolt Thrower,477
332,Swans,474
333,Portishead,472
334,The Stone Roses,469
335,The Hives,466
336,Beach House,464
337,Dead Kennedys,462
338,Against Me!,453
339,Electric Light Orchestra,453
340,Ulver,449
341,Stereolab,448
342,Front Line Assembly,447
343,Best Coast,446
344,Edguy,446
345,Guano Apes,445
346,Galaxie 500,440
347,The Clash,438
348,Def Leppard,438
349,Radical Face,438
350,The Alan Parsons Project,433
351,Enigma,433
352,Ride,432
353,Death in June,430
354,Bryan Adams,429
355,After Forever,428
356,Eagles,427
357,The Fray,427
358,Eluveitie,426
359,Entombed,425
360,The Black Dahlia Murder,425
361,Kaiser Chiefs,423
362,Joy Division,420
363,The Police,419
364,Daniel Johnston,419
365,Rage Against the Machine,419
366,Destiny's Child,418
367,The Pogues,417
368,Hoobastank,417
369,Robyn,415
370,Justin Timberlake,415
371,Immortal,415
372,My Chemical Romance,414
373,Alicia Keys,413
374,Savages,411
375,Theatre of Tragedy,410
376,The Kinks,409
377,The Pains of Being Pure At Heart,409
378,DragonForce,406
379,Bright Eyes,405
380,deadmau5,405
381,Cat Power,404
382,W.A.S.P.,404
383,The Temper Trap,403
384,Xandria,402
385,Peter Gabriel,402
386,The Black Keys,401
387,Dire Straits,399
388,Electric Six,398
389,Damien Rice,394
390,The Flaming Lips,393
391,Bruce Dickinson,392
392,Thievery Corporation,392
393,Eric Clapton,391
394,The Drums,391
395,The Notwist,391
396,Whitesnake,390
397,Insomnium,390
398,Sentenced,390
399,Steely Dan,389
400,Reel Big Fish,388
401,Cut Copy,387
402,Jethro Tull,384
403,The Brian Jonestown Massacre,384
404,Keane,383
405,Carbon Based Lifeforms,382
406,Tycho,381
407,36 Crazyfists,380
408,Suicidal Tendencies,379
409,The Fratellis,378
410,Ween,378
411,Primus,378
412,Adele,376
413,Talk Talk,373
414,Counting Crows,373
415,The Gathering,373
416,Phoenix,373
417,The Haunted,373
418,Kylie Minogue,372
419,Hatebreed,371
420,Monster Magnet,371
421,Sirenia,370
422,The Libertines,369
423,Pulp,368
424,The Whitest Boy Alive,368
425,Killswitch Engage,368
426,Samael,367
427,Creedence Clearwater Revival,367
428,Christina Aguilera,365
429,Owen Pallett,363
430,King Diamond,363
431,Blackmore's Night,362
432,dredg,362
433,Editors,360
434,Three Days Grace,360
435,Airbourne,358
436,Frank Zappa,357
437,Matchbox Twenty,357
438,Dissection,356
439,iamamiwhoami,355
440,Tricky,355
441,DevilDriver,354
442,Mark Knopfler,354
443,ASP,354
444,The Verve,353
445,Alexisonfire,352
446,Anna Calvi,352
447,Bauhaus,351
448,Machine Head,349
449,Enslaved,348
450,Municipal Waste,347
451,Robbie Williams,347
452,Bruce Springsteen,347
453,Explosions in the Sky,346
454,Phil Collins,346
455,Lenny Kravitz,346
456,The Used,345
457,Joni Mitchell,345
458,The Story So Far,344
459,Jimi Hendrix,344
460,INXS,343
461,Riverside,343
462,Staind,343
463,Janelle Monáe,342
464,Kelly Clarkson,342
465,She Wants Revenge,341
466,Darkthrone,341
467,Mr. Bungle,340
468,The Breeders,339
469,Atreyu,338
470,Taking Back Sunday,337
471,Roxette,337
472,Nouvelle Vague,336
473,Satyricon,336
474,Calvin Harris,335
475,Moby,335
476,Scissor Sisters,334
477,Biosphere,333
478,Ministry,331
479,Prince,329
480,ZZ Top,328
481,Flyleaf,327
482,Ratatat,325
483,David Gilmour,325
484,The Doors,325
485,Can,325
486,Static-X,323
487,The B-52's,320
488,The Velvet Underground,319
489,Fields of the Nephilim,319
490,Wild Nothing,318
491,Alkaline Trio,318
492,Kiss,317
493,Oomph!,317
494,Nile,316
495,Cake,316
496,P!nk,315
497,Big Black,315
498,Sara Bareilles,314
499,Millencolin,314
500,The Crystal Method,313
501,Circle Jerks,312
502,Current 93,311
503,Midlake,310
504,Backstreet Boys,310
505,The Subways,306
506,Shpongle,306
507,St. Vincent,306
508,Wilco,304
509,Kalmah,304
510,The Jesus and Mary Chain,303
511,Stereophonics,303
512,Dido,302
513,Amy Macdonald,302
514,Operation Ivy,299
515,Angra,298
516,Underworld,298
517,Skid Row,298
518,Deerhunter,298
519,The Byrds,297
520,Nada Surf,297
521,Amaranthe,297
522,The Wonder Years,296
523,Donovan,295
524,Scar Symmetry,294
525,The Dresden Dolls,293
526,Wire,292
527,The Kooks,291
528,Fucked Up,290
529,Pestilence,290
530,Blockhead,289
531,Diana Krall,288
532,Chris Brown,288
533,Hot Chip,287
534,Television,287
535,The Replacements,286
536,Danzig,286
537,Gary Moore,286
538,Jon Hopkins,285
539,Devo,284
540,The New Pornographers,284
541,Rodrigo y Gabriela,284
542,Sleep,283
543,Erykah Badu,283
544,Grandaddy,282
545,50 Cent,282
546,Nirvana,281
547,Violent Femmes,280
548,Lostprophets,279
549,The Script,279
550,Obituary,279
551,Sarah Brightman,278
552,Fitz and the Tantrums,278
553,Camel,277
554,Type O Negative,277
555,Beatsteaks,277
556,Van Morrison,277
557,Duffy,276
558,Primal Scream,276
559,:Wumpscut:,275
560,Nina Simone,272
561,Sodom,272
562,the GazettE,271
563,Serge Gainsbourg,270
564,Bat for Lashes,270
565,Katy Perry,270
566,Celtic Frost,268
567,They Might Be Giants,268
568,Jane's Addiction,268
569,Soulfly,267
570,Coroner,267
571,Epica,266
572,Whitney Houston,266
573,Sonic Syndicate,265
574,The Radio Dept.,264
575,Creed,264
576,Jason Mraz,263
577,Apoptygma Berzerk,262
578,Dixie Chicks,262
579,Empire of the Sun,262
580,Burzum,262
581,Tom Petty and The Heartbreakers,262
582,Grateful Dead,261
583,Gnarls Barkley,261
584,Devendra Banhart,261
585,Girls,261
586,In Extremo,260
587,Symphony X,259
588,Bloodhound Gang,259
589,Stratovarius,259
590,Rihanna,258
591,New Found Glory,257
592,Masterplan,257
593,Emperor,256
594,Sparklehorse,256
595,The Rasmus,256
596,DIR EN GREY,254
597,Jamie Cullum,254
598,Calexico,253
599,Billy Joel,253
600,Kate Nash,252
601,Stone Temple Pilots,251
602,Steve Miller Band,251
603,Motion City Soundtrack,251
604,Lordi,251
605,Hooverphonic,251
606,Santigold,250
607,Andrew Lloyd Webber,250
608,Velvet Revolver,250
609,Love,248
610,Squarepusher,248
611,Ill Niño,248
612,Combichrist,247
613,Gang Starr,247
614,Charles Mingus,247
615,Melody Gardot,247
616,The Runaways,247
617,Marduk,246
618,The Corrs,246
619,Amon Tobin,245
620,The Cramps,245
621,CocoRosie,244
622,Aaliyah,244
623,Savatage,244
624,Nevermore,243
625,Whitechapel,243
626,Alestorm,242
627,Howard Shore,242
628,Gamma Ray,241
629,Coheed and Cambria,241
630,The Heavy,241
631,Rage,241
632,The All-American Rejects,241
633,Silversun Pickups,240
634,Spice Girls,239
635,Shinedown,239
636,Nico,238
637,Death From Above 1979,238
638,Sinéad O'Connor,238
639,Stars,238
640,Silverchair,237
641,Cynic,237
642,Simple Plan,235
643,Eagles of Death Metal,235
644,Fatboy Slim,235
645,Equilibrium,234
646,And One,234
647,Noisia,234
648,Justice,233
649,Fort Minor,233
650,Kraftwerk,233
651,Puddle of Mudd,232
652,Gogol Bordello,231
653,Band of Skulls,230
654,Big Star,229
655,Four Tet,229
656,James Blunt,228
657,Suzanne Vega,228
658,MGMT,228
659,D.R.I.,227
660,Public Enemy,226
661,Run-D.M.C.,225
662,The Cinematic Orchestra,224
663,Nils Frahm,224
664,Lynyrd Skynyrd,223
665,Rancid,223
666,Carnivore,223
667,RJD2,223
668,Saxon,222
669,Device,222
670,Mika,222
671,Colbie Caillat,221
672,Jesu,221
673,Joe Bonamassa,220
674,Thom Yorke,220
675,Candlemass,219
676,Sarah McLachlan,219
677,Chimaira,219
678,Joss Stone,218
679,Tristania,218
680,Chromeo,218
681,Meat Loaf,218
682,Emilíana Torrini,218
683,Mindless Self Indulgence,218
684,At the Gates,217
685,Nelly Furtado,217
686,El Guincho,217
687,65daysofstatic,217
688,Before the Dawn,214
689,Clan of Xymox,214
690,Orphaned Land,213
691,Camera Obscura,213
692,Hüsker Dü,213
693,t.A.T.u.,212
694,Overkill,211
695,The Chameleons,211
696,Mos Def,210
697,Swallow the Sun,209
698,Santana,208
699,Hocico,208
700,Good Charlotte,207
701,John Frusciante,206
702,Teenage Fanclub,206
703,Aes Dana,205
704,Tortoise,205
705,Tom Petty,205
706,Daughtry,205
707,Belphegor,204
708,Hard-Fi,204
709,Death Angel,203
710,Dismember,203
711,Fugees,203
712,Blonde Redhead,203
713,Social Distortion,202
714,Supertramp,202
715,Red House Painters,202
716,Otis Redding,202
717,Maxïmo Park,201
718,Gillian Welch,201
719,Minutemen,201
720,D'Angelo,201
721,The Cars,201
722,Mr. Scruff,201
723,KMFDM,200
724,Pentagram,200
725,Iced Earth,200
726,Mercyful Fate,200
727,The Dillinger Escape Plan,200
728,Black Label Society,199
729,Snoop Dogg,199
730,Frank Sinatra,199
731,Gil Scott-Heron,199
732,Jet,198
733,Damian Marley,198
734,Mandalay,198
735,Akira Yamaoka,198
736,Juno Reactor,197
737,Carla Bruni,197
738,Witchcraft,197
739,All That Remains,197
740,The Maccabees,197
741,The Raveonettes,196
742,Morcheeba,196
743,Refused,195
744,Tim McGraw,194
745,Gentle Giant,194
746,Hypocrisy,194
747,The Last Shadow Puppets,193
748,Lush,193
749,Kylesa,193
750,Psyclon Nine,193
751,Róisín Murphy,192
752,Sebadoh,192
753,Take That,192
754,Janet Jackson,191
755,The Cult,191
756,a-ha,191
757,Cryptopsy,191
758,The Stranglers,191
759,Syd Barrett,190
760,Kult,190
761,Thin Lizzy,188
762,Céu,187
763,Duran Duran,187
764,The Streets,187
765,Nachtmahr,187
766,Dope,186
767,Fabrizio De André,185
768,Armin van Buuren,183
769,Bedhead,182
770,Puscifer,182
771,M83,182
772,George Michael,182
773,The Jam,182
774,Sam Smith,182
775,Wax Tailor,181
776,The Black Angels,180
777,The 69 Eyes,180
778,Agonoize,179
779,Stevie Nicks,179
780,The Wombats,179
781,The Herbaliser,178
782,Jim Croce,178
783,Discovery,178
784,Mike Oldfield,177
785,The Future Sound of London,177
786,Chevelle,177
787,Os Mutantes,177
788,Jónsi,176
789,Lily Allen,175
790,School of Seven Bells,175
791,The Cat Empire,174
792,Secret Garden,174
793,Qntal,174
794,Fiona Apple,174
795,Plaid,173
796,Spiritualized,173
797,Lifelover,173
798,Ghost Brigade,173
799,Spineshank,173
800,A$AP Rocky,173
801,James Horner,173
802,Grace Jones,172
803,XTC,172
804,Dying Fetus,172
805,will.i.am,171
806,Cat Stevens,171
807,The Vines,170
808,Underoath,170
809,Michael Learns to Rock,170
810,Testament,170
811,From Autumn To Ashes,169
812,Blondie,169
813,Basement Jaxx,169
814,Kreator,169
815,Deltron 3030,169
816,David Guetta,168
817,Cypress Hill,168
818,Chet Baker,168
819,Morphine,168
820,Ra Ra Riot,167
821,Nicki Minaj,167
822,Rob Dougan,167
823,Rainbow,167
824,Saint Vitus,166
825,The Faint,166
826,John Lennon,165
827,Everclear,165
828,David Gray,165
829,Brandon Flowers,164
830,Atmosphere,164
831,Parliament,164
832,Iggy Pop,164
833,OK Go,164
834,Andrew Bird,163
835,Mando Diao,163
836,Orbital,163
837,Everything But the Girl,162
838,Madeleine Peyroux,162
839,Lauryn Hill,162
840,Mors Principium Est,162
841,Klaus Badelt,162
842,Voivod,161
843,Vitalic,161
844,Freelance Whales,161
845,Glee Cast,161
846,Eskmo,161
847,A Perfect Circle,160
848,Andrew W.K.,159
849,Usher,159
850,Motionless in White,159
851,Saosin,159
852,Theory of a Deadman,159
853,The Darkness,158
854,Delain,158
855,The Ting Tings,158
856,The Game,157
857,Wavves,157
858,Aesthetic Perfection,157
859,Ace of Base,157
860,Chris Isaak,157
861,Covenant,157
862,P.O.D.,157
863,Oceansize,156
864,Front 242,156
865,The Black Crowes,155
866,Blind Melon,155
867,Grave Digger,155
868,Flight Facilities,155
869,The Birthday Massacre,155
870,Goo Goo Dolls,155
871,Necrophagist,154
872,Hole,154
873,Temple of the Dog,154
874,The Specials,154
875,Enrique Iglesias,154
876,Digitalism,154
877,Less Than Jake,153
878,Clawfinger,153
879,Moloko,153
880,Dr. Dre,153
881,LCD Soundsystem,153
882,Demi Lovato,153
883,Sheryl Crow,152
884,Jenny Lewis,152
885,Julian Casablancas,152
886,Bush,152
887,Two Door Cinema Club,152
888,Lake of Tears,152
889,Tokyo Police Club,151
890,Paul McCartney,151
891,Astrud Gilberto,151
892,Sevendust,151
893,Junior Senior,150
894,Heart,150
895,Aimee Mann,150
896,VNV Nation,150
897,Boston,150
898,The Walkmen,150
899,Flobots,150
900,The Agonist,149
901,The Bravery,149
902,Huss und Hodn,148
903,Soda Stereo,147
904,Ben Folds,147
905,Poliça,147
906,Graveworm,146
907,Gwen Stefani,146
908,Arcturus,146
909,Panzer AG,145
910,Finger Eleven,145
911,Mystery Jets,145
912,John Coltrane,145
913,Caspian,145
914,The Hold Steady,145
915,Brujeria,144
916,Cranes,144
917,Cursive,143
918,McFly,143
919,Jem,143
920,Neurosis,143
921,The Veronicas,142
922,Travis,142
923,Seether,142
924,...And You Will Know Us by the Trail of Dead,142
925,Common,141
926,Journey,141
927,The Moldy Peaches,141
928,Marvin Gaye,141
929,Agnostic Front,140
930,Borknagar,140
931,The Blues Brothers,140
932,Aqua,139
933,Tame Impala,139
934,UNKLE,139
935,Goldfinger,139
936,The Kovenant,139
937,Major Lazer,139
938,Prong,138
939,YUI,138
940,Goldfrapp,138
941,Cibo Matto,138
942,Grendel,137
943,Bone Thugs-N-Harmony,137
944,Black Lips,137
945,Angelo Badalamenti,136
946,Lou Reed,136
947,Beth Orton,136
948,MF DOOM,136
949,Styx,135
950,Howlin' Wolf,135
951,Jamiroquai,135
952,Silver Jews,134
953,Joan Baez,134
954,Steve Earle,134
955,Simply Red,134
956,First Aid Kit,134
957,Hurts,133
958,Mono,133
959,The Go! Team,133
960,Patrick Wolf,133
961,Lupe Fiasco,133
962,Pierce the Veil,133
963,Team Sleep,133
964,Venom,133
965,DMX,132
966,"The Good, the Bad & the Queen",132
967,Silverstein,132
968,Plan B,132
969,Orange Goblin,132
970,Miley Cyrus,132
971,Hot Water Music,131
972,Mudvayne,130
973,Discharge,129
974,The Beautiful South,129
975,Young Marble Giants,129
976,Powerman 5000,129
977,Uriah Heep,129
978,Lara Fabian,129
979,Disclosure,129
980,Wishbone Ash,129
981,Turbonegro,128
982,Hybrid,128
983,Novembers Doom,128
984,Nasum,127
985,Immolation,127
986,Yes,127
987,Mylène Farmer,126
988,In This Moment,126
989,Eurythmics,126
990,John Prine,126
991,John Williams,126
992,Ben Harper,126
993,Katie Melua,125
994,Faun,125
995,Curve,125
996,Senses Fail,125
997,Aloe Blacc,125
998,Helmet,125
999,Chairlift,125
1000,3OH!3,124
1001,Everlast,124
1002,Toots and The Maytals,124
1003,Third Eye Blind,124
1004,Japandroids,124
1005,Coil,124
1006,Toto,124
1007,Low,123
1008,The Hellacopters,123
1009,David Lynch,123
1010,Me First and the Gimme Gimmes,123
1011,All Shall Perish,123
1012,Red Sparowes,122
1013,Scott Walker,122
1014,Zac Brown Band,122
1015,Red,122
1016,1349,122
1017,D12,121
1018,Hawthorne Heights,121
1019,Frightened Rabbit,121
1020,Down,121
1021,Jens Lekman,121
1022,Townes Van Zandt,121
1023,Sneaker Pimps,121
1024,The Sonics,120
1025,We Were Promised Jetpacks,120
1026,Le Tigre,120
1027,Saliva,119
1028,Coal Chamber,119
1029,Disarmonia Mundi,118
1030,Max Richter,118
1031,Mother Love Bone,118
1032,Manfred Mann's Earth Band,118
1033,Aborted,118
1034,Darkest Hour,118
1035,Hellhammer,118
1036,Cher,118
1037,Allister,118
1038,Jackson Browne,117
1039,Balthazar,117
1040,The Blood Brothers,117
1041,Beach Fossils,117
1042,Buffalo Springfield,116
1043,Ennio Morricone,116
1044,Vincent Gallo,116
1045,Hans Zimmer,116
1046,Ariel Pink's Haunted Graffiti,116
1047,KT Tunstall,116
1048,Thursday,116
1049,Hot Snakes,115
1050,Ten Years After,115
1051,Lamb,115
1052,Hellogoodbye,115
1053,Fischerspooner,115
1054,Cinderella,115
1055,Lucinda Williams,114
1056,Architecture in Helsinki,114
1057,Ellie Goulding,114
1058,De La Soul,114
1059,Super Furry Animals,113
1060,Caliban,113
1061,Ted Nugent,113
1062,Psychic TV,113
1063,10 Years,113
1064,Faithless,112
1065,Bibio,112
1066,The Virgins,112
1067,The Dandy Warhols,112
1068,Delerium,112
1069,Free,111
1070,Black Stone Cherry,111
1071,Beat Happening,111
1072,Natalie Imbruglia,111
1073,The Meters,111
1074,Corrosion of Conformity,111
1075,Death in Vegas,111
1076,Ne-Yo,111
1077,Crowded House,111
1078,Robert Plant,111
1079,Wolf Parade,111
1080,Quadron,110
1081,Sunn O))),110
1082,+44,110
1083,Cro-Mags,109
1084,Fat Freddy's Drop,109
1085,Girl Talk,109
1086,The Modern Lovers,108
1087,Ben l'Oncle Soul,108
1088,Black Mountain,108
1089,Whiskeytown,108
1090,Chapterhouse,108
1091,Ida Maria,107
1092,The Fall,107
1093,T. Rex,107
1094,Jill Scott,107
1095,Fates Warning,107
1096,Junkie XL,107
1097,Faith and the Muse,107
1098,Unheilig,106
1099,Peaches,106
1100,Peter Murphy,106
1101,NEEDTOBREATHE,106
1102,Blind Faith,106
1103,Alphaville,105
1104,Passenger,105
1105,Jazzanova,105
1106,George Strait,105
1107,Hilary Duff,104
1108,Groove Armada,104
1109,Rufus Wainwright,104
1110,Lisa Gerrard,103
1111,TLC,103
1112,Kent,103
1113,Patrick Doyle,102
1114,Bleeding Through,102
1115,Kings of Convenience,102
1116,Swedish House Mafia,102
1117,Elbow,102
1118,Tina Turner,102
1119,Meat Puppets,101
1120,The Church,101
1121,Pink Martini,101
1122,This Mortal Coil,101
1123,Primordial,101
1124,Tim Buckley,101
1125,Kula Shaker,101
1126,Jerry Cantrell,101
1127,Jurassic 5,100
1128,Ghostface Killah,100
1129,No Age,100
1130,Moonsorrow,100
1131,Gotan Project,99
1132,Brandi Carlile,99
1133,Ulrich Schnauss,99
1134,Machinae Supremacy,99
1135,Texas,99
1136,Europe,99
1137,Badly Drawn Boy,99
1138,Dashboard Confessional,99
1139,Clinic,99
1140,Leftfield,99
1141,Eternal Tears of Sorrow,98
1142,The Birthday Party,98
1143,Yanni,98
1144,Wye Oak,98
1145,Buzzcocks,98
1146,Mano Negra,98
1147,Soft Cell,97
1148,White Zombie,97
1149,Mushroomhead,97
1150,Lil Wayne,97
1151,Poison Idea,96
1152,Orchestral Manoeuvres in the Dark,96
1153,Deva Premal,96
1154,Cold War Kids,96
1155,Bill Evans Trio,95
1156,The The,95
1157,Grinderman,95
1158,UFO,95
1159,Shlohmo,95
1160,Demented Are Go!,95
1161,Evergrey,94
1162,America,94
1163,New York Dolls,94
1164,Starsailor,94
1165,Au Revoir Simone,94
1166,Mount Eerie,94
1167,Cavalera Conspiracy,94
1168,In Strict Confidence,94
1169,Steven Wilson,94
1170,John Mellencamp,93
1171,Esbjörn Svensson Trio,93
1172,Herbie Hancock,93
1173,mind.in.a.box,93
1174,Tears for Fears,93
1175,Françoise Hardy,93
1176,Nuclear Assault,93
1177,British Sea Power,93
1178,Something Corporate,92
1179,Marty Robbins,92
1180,Ciara,92
1181,Little Boots,92
1182,Vangelis,92
1183,Uncle Tupelo,92
1184,Rick Ross,92
1185,Carnage,92
1186,Bomfunk MC's,92
1187,Olly Murs,92
1188,Autopsy,92
1189,Herman's Hermits,91
1190,Carole King,91
1191,Ocean Colour Scene,91
1192,Clannad,91
1193,Blackalicious,91
1194,Freddie Mercury,91
1195,Sabaton,91
1196,Seu Jorge,91
1197,Modern Talking,91
1198,Ultravox,90
1199,James Taylor,90
1200,James Morrison,90
1201,Rhapsody of Fire,90
1202,The Magic Numbers,90
1203,The Stooges,90
1204,Saturnus,90
1205,Marillion,89
1206,Owl City,89
1207,Michelle Branch,89
1208,Aphrodite's Child,89
1209,Miles Davis,89
1210,Red Snapper,89
1211,Crowbar,89
1212,Unleashed,89
1213,The Zombies,89
1214,Whiplash,89
1215,Art of Noise,89
1216,Sean Paul,89
1217,Weather Report,89
1218,The Donnas,88
1219,This Heat,88
1220,Era,88
1221,Alain Bashung,88
1222,Einstürzende Neubauten,88
1223,Ashlee Simpson,88
1224,Mecano,88
1225,Wynardtage,88
1226,Hank Williams,88
1227,George Harrison,88
1228,Skindred,88
1229,L7,88
1230,Scarface,88
1231,Converge,87
1232,Little Feat,87
1233,The Psychedelic Furs,87
1234,Republika,87
1235,IQ,87
1236,Deaf Center,87
1237,The Orb,87
1238,Reba McEntire,87
1239,Versailles,87
1240,Savage Garden,87
1241,The Bouncing Souls,87
1242,Russian Circles,86
1243,Thirteen Senses,86
1244,Decapitated,86
1245,Shuggie Otis,86
1246,Broadcast,86
1247,Jamie Lidell,86
1248,Drake,86
1249,Timbaland,86
1250,Busta Rhymes,85
1251,Heisskalt,85
1252,Deep Forest,85
1253,Clutch,85
1254,Primal Fear,85
1255,The Dø,84
1256,Athlete,84
1257,Kansas,84
1258,Gary Numan,84
1259,Murderdolls,84
1260,Big Sean,84
1261,Bedouin Soundclash,84
1262,Bark Psychosis,84
1263,Sex Pistols,84
1264,The Go-Betweens,84
1265,Leona Lewis,84
1266,Health,83
1267,John Legend,83
1268,Tokio Hotel,83
1269,Inquisition,83
1270,JoJo,83
1271,Cascada,83
1272,Loreena McKennitt,83
1273,Phantom Planet,83
1274,The Joy Formidable,82
1275,Orgy,82
1276,Life Without Buildings,82
1277,Lifehouse,82
1278,Luca Turilli,82
1279,Midnight Juggernauts,82
1280,Shout Out Louds,82
1281,Koop,82
1282,Peter Fox,82
1283,Holy Fuck,82
1284,Propagandhi,82
1285,Unsun,82
1286,Tormentor,81
1287,Jaga Jazzist,81
1288,YACHT,81
1289,Butthole Surfers,81
1290,Shania Twain,81
1291,Madness,81
1292,John Cale,81
1293,Do Make Say Think,81
1294,Elvis Costello,81
1295,The Horrors,81
1296,Tactical Sekt,80
1297,Fang Island,80
1298,The Pillows,80
1299,Annie Lennox,79
1300,Extreme,79
1301,Jonathan Coulton,79
1302,Derek and the Dominos,79
1303,The Presets,79
1304,Vio-Lence,79
1305,Gallows,79
1306,Sugar,79
1307,Bal-Sagoth,79
1308,Fennesz,79
1309,Spinnerette,79
1310,Todd Rundgren,79
1311,Life of Agony,78
1312,Candlebox,78
1313,Q-Tip,78
1314,Gorilla Biscuits,78
1315,Swell Maps,78
1316,Saul Williams,78
1317,Assemblage 23,78
1318,High on Fire,78
1319,C-Lekktor,77
1320,House of Pain,77
1321,Dum Dum Girls,77
1322,El-P,77
1323,Sybreed,77
1324,Nightmares on Wax,77
1325,Herbert Grönemeyer,77
1326,Emigrate,77
1327,The Pretenders,77
1328,The Lone Bellow,77
1329,Drive Like Jehu,77
1330,Girls Aloud,77
1331,Public Image Ltd.,77
1332,Sophie Hunger,76
1333,Blue October,76
1334,The Residents,76
1335,Alexandre Desplat,76
1336,Huey Lewis & The News,76
1337,Télépopmusik,76
1338,Elvenking,76
1339,The Flatliners,76
1340,DJ Fresh,76
1341,Body Count,75
1342,2NE1,75
1343,Augustus Pablo,75
1344,Turmion Kätilöt,75
1345,Neu!,74
1346,Keith Urban,74
1347,Traveling Wilburys,74
1348,Deine Lakaien,74
1349,Hilltop Hoods,74
1350,Natalie Merchant,74
1351,Parkway Drive,74
1352,Killing Joke,74
1353,CeeLo Green,74
1354,Warbringer,74
1355,Elastica,74
1356,Jeff Beck,74
1357,Oval,74
1358,October Tide,74
1359,Flight of the Conchords,73
1360,My Vitriol,73
1361,Randy Newman,73
1362,Eisbrecher,73
1363,Enter Shikari,73
1364,Godflesh,73
1365,Subway To Sally,73
1366,Pale Saints,73
1367,3 Inches of Blood,73
1368,Cabaret Voltaire,73
1369,Wir sind Helden,72
1370,Josh Ritter,72
1371,Aesop Rock,72
1372,Nekromantix,72
1373,Yeah Yeah Yeahs,72
1374,Terrorizer,72
1375,Leaves' Eyes,72
1376,Renaissance,72
1377,Bear in Heaven,72
1378,Randy Travis,72
1379,The Feelies,71
1380,Patti Smith,71
1381,Biffy Clyro,71
1382,Aretha Franklin,71
1383,OSI,71
1384,Survivor,71
1385,Stabbing Westward,71
1386,Razor,71
1387,Ash,71
1388,Tyler Bates,71
1389,Boogie Down Productions,71
1390,Rascal Flatts,71
1391,Kimya Dawson,71
1392,Yeasayer,71
1393,The Band,71
1394,Justin Townes Earle,71
1395,Soul Coughing,71
1396,Karma to Burn,71
1397,Etta James,70
1398,Crucified Barbara,70
1399,Blood Axis,70
1400,Los Fabulosos Cadillacs,70
1401,Fu Manchu,70
1402,Masked Intruder,70
1403,Rites of Spring,70
1404,Ricky Martin,70
1405,David Crosby,70
1406,Alexander Brandon,70
1407,Vashti Bunyan,70
1408,Turisas,70
1409,Sage Francis,70
1410,Saves The Day,70
1411,Woods,70
1412,The Lemonheads,70
1413,Suede,70
1414,Jesper Kyd,69
1415,Lisa Hannigan,69
1416,The Olivia Tremor Control,69
1417,Warren Zevon,69
1418,Abingdon Boys School,69
1419,Nitzer Ebb,69
1420,dead prez,69
1421,Kelly Bailey,69
1422,Fink,69
1423,Tiësto,69
1424,Peter Bjorn and John,68
1425,Stacey Kent,68
1426,Sarah Harmer,68
1427,The Lovin' Spoonful,68
1428,Kosheen,68
1429,Tin Machine,68
1430,Al Green,68
1431,Midnight Oil,67
1432,Zeromancer,67
1433,De-Phazz,67
1434,Icon of Coil,67
1435,Shiny Toy Guns,67
1436,Karen Dalton,67
1437,Digable Planets,67
1438,Gorgoroth,67
1439,Chris Rea,67
1440,New Model Army,67
1441,Eddie Money,66
1442,Jewel,66
1443,Texas Is the Reason,66
1444,Héroes Del Silencio,66
1445,The Slits,66
1446,Twisted Sister,66
1447,The Bluetones,66
1448,Ska-P,66
1449,Broder Daniel,65
1450,Corinne Bailey Rae,65
1451,Iron Butterfly,65
1452,Elton John,65
1453,The Legendary Pink Dots,65
1454,Mad Caddies,65
1455,Gong,65
1456,Ella Fitzgerald,65
1457,Hercules and Love Affair,64
1458,Amon Düül II,64
1459,Possessed,64
1460,One Day as a Lion,64
1461,Skunk Anansie,64
1462,Crimson Glory,64
1463,Anita Baker,64
1464,Gipsy Kings,64
1465,Bee Gees,64
1466,Jedi Mind Tricks,64
1467,The Sounds,64
1468,Dvar,64
1469,The Wrens,64
1470,And Also the Trees,64
1471,Reamonn,64
1472,Nailbomb,64
1473,Foetus,64
1474,Lindsay Lohan,64
1475,Plain White T's,64
1476,Vaya Con Dios,63
1477,Threshold,63
1478,Big Boi,63
1479,cLOUDDEAD,63
1480,Michael Hedges,63
1481,múm,63
1482,Ben Folds Five,63
1483,Charon,63
1484,Another Sunny Day,63
1485,Billie Holiday,63
1486,Frankmusik,62
1487,Pennywise,62
1488,The La's,62
1489,The Creepshow,62
1490,of Montreal,62
1491,Dragonette,62
1492,The Greenhornes,62
1493,Wednesday 13,62
1494,Kaizers Orchestra,62
1495,Guru,62
1496,God Module,61
1497,Los Campesinos!,61
1498,Origin,61
1499,Toni Braxton,61
1500,Vanessa Hudgens,61
1501,Cathedral,61
1502,Zwan,61
1503,Switchfoot,61
1504,Method Man,61
1505,Gretchen Parlato,61
1506,Matthew Dear,60
1507,Ornette Coleman,60
1508,The Teenagers,60
1509,Bebel Gilberto,60
1510,311,60
1511,Choir of Young Believers,60
1512,Kittie,60
1513,Rory Gallagher,60
1514,Simple Minds,59
1515,Foreigner,59
1516,Tocotronic,59
1517,MUTEMATH,59
1518,The Promise Ring,59
1519,Alan Menken,59
1520,Black Kids,59
1521,Boys Like Girls,59
1522,Laibach,59
1523,Thomas Bergersen,58
1524,Hayley Westenra,58
1525,Caetano Veloso,58
1526,Dope Stars Inc.,58
1527,iwrestledabearonce,58
1528,The Beta Band,58
1529,Talib Kweli,58
1530,Eva Cassidy,58
1531,Gang of Four,58
1532,Stiff Little Fingers,58
1533,Billy Bragg,58
1534,Days of the New,57
1535,Aeon,57
1536,Bomb the Music Industry!,57
1537,Running Wild,57
1538,Mercury Rev,57
1539,Melechesh,57
1540,Edyta Górniak,57
1541,Drive-By Truckers,57
1542,Wanda Jackson,57
1543,Steppenwolf,57
1544,Battlelore,57
1545,Blossom Dearie,57
1546,Taj Mahal,57
1547,Blaqk Audio,57
1548,Aaron,57
1549,X JAPAN,57
1550,Raised Fist,56
1551,Matisyahu,56
1552,Culture Club,56
1553,Doves,56
1554,Suffocation,56
1555,J Dilla,56
1556,Die Krupps,56
1557,Stealers Wheel,56
1558,Pete Townshend,56
1559,A Flock of Seagulls,56
1560,Down to Nothing,56
1561,Pinback,56
1562,Antônio Carlos Jobim,56
1563,Alan Jackson,56
1564,Modjo,56
1565,John Denver,56
1566,Chris Cornell,56
1567,Thyrfing,56
1568,The Electric Prunes,55
1569,Kaskade,55
1570,Stray Cats,55
1571,The Calling,55
1572,Eyes Set to Kill,55
1573,Bill Withers,55
1574,Conjure One,55
1575,Living Colour,55
1576,Fairport Convention,55
1577,Jessica Simpson,55
1578,The Divine Comedy,54
1579,Sophie Ellis-Bextor,54
1580,DJ Cam,54
1581,Star One,54
1582,The Moody Blues,54
1583,Braid,54
1584,Embrace,54
1585,Liars,54
1586,ASIAN KUNG-FU GENERATION,54
1587,Sumo,54
1588,Richard Hell and the Voidoids,54
1589,Ratt,54
1590,Eluvium,54
1591,Camille,53
1592,Tom Lehrer,53
1593,Grave,53
1594,N*E*R*D,53
1595,Pat Metheny,53
1596,Jimmy Buffett,53
1597,Dave Hause,53
1598,Andrea Bocelli,53
1599,Anorexia Nervosa,53
1600,Jan Delay,53
1601,Alejandro Sanz,53
1602,Johnny Winter,53
1603,The Mission,53
1604,Feindflug,53
1605,DJ Krush,53
1606,Hagalaz' Runedance,53
1607,Impaled Nazarene,53
1608,Mahavishnu Orchestra,53
1609,Terry Scott Taylor,53
1610,Zombie Girl,52
1611,Raekwon,52
1612,Pixie Lott,52
1613,Modeselektor,52
1614,Steve Jablonsky,52
1615,The Whip,52
1616,The Auteurs,52
1617,X,52
1618,Madina Lake,52
1619,Shocking Blue,52
1620,Dirty Pretty Things,52
1621,Mournful Congregation,52
1622,Donald Fagen,52
1623,Massacre,52
1624,Alina Orlova,52
1625,Stan Getz,52
1626,Gravediggaz,51
1627,Superchunk,51
1628,Boa,51
1629,Anna Ternheim,51
1630,Isaac Hayes,51
1631,Big Punisher,51
1632,Stream of Passion,51
1633,Jaylib,51
1634,White Ring,51
1635,Jim Sturgess,50
1636,Rudimentary Peni,50
1637,Unearth,50
1638,Spacemen 3,50
1639,Anvil,50
1640,Eric Johnson,50
1641,Brad Paisley,50
1642,The Pigeon Detectives,50
1643,Scooter,50
1644,Danny Baranowsky,50
1645,Adriana Calcanhotto,50
1646,Ximena Sariñana,50
1647,Paul Weller,50
1648,Jordin Sparks,50
1649,Rock Plaza Central,50
1650,Orange Juice,49
1651,Peter Tosh,49
1652,Dave Gahan,49
1653,Charles Aznavour,49
1654,Amebix,49
1655,Fun Lovin' Criminals,49
1656,Brutal Truth,49
1657,Junior Boys,49
1658,Harry Nilsson,49
1659,The American Dollar,49
1660,Minus the Bear,48
1661,Anoraak,48
1662,The Flying Burrito Brothers,48
1663,Graham Coxon,48
1664,Fad Gadget,48
1665,James LaBrie,48
1666,Rakim,48
1667,Kidneythieves,48
1668,Youn Sun Nah,48
1669,Molotov,48
1670,M. Ward,48
1671,The Bronx,48
1672,Thrice,48
1673,Chris Vrenna,48
1674,Air Supply,48
1675,A*Teens,48
1676,Patsy Cline,48
1677,Seasick Steve,47
1678,Rod Stewart,47
1679,Pharrell Williams,47
1680,Cyndi Lauper,47
1681,Glassjaw,47
1682,The Kilimanjaro Darkjazz Ensemble,47
1683,Tesla,47
1684,Roger Waters,47
1685,Dark Funeral,47
1686,Sunrise Avenue,47
1687,DJ Khaled,47
1688,The Pharcyde,47
1689,Maria Mena,47
1690,Niyaz,47
1691,Hubert-Félix Thiéfaine,46
1692,Menomena,46
1693,Iron Monkey,46
1694,Dozer,46
1695,Hinoi Team,46
1696,Hermano,46
1697,Busted,46
1698,Magazine,46
1699,Pan Sonic,46
1700,Shiva in Exile,46
1701,Faunts,46
1702,The Housemartins,46
1703,Ice Cube,46
1704,The Charlatans,46
1705,Astral Projection,46
1706,A Wilhelm Scream,45
1707,Françoiz Breut,45
1708,Rollins Band,45
1709,The Hundred in the Hands,45
1710,Pain of Salvation,45
1711,Tangerine Dream,45
1712,mclusky,45
1713,Talco,45
1714,Samsas Traum,45
1715,Guilt Machine,45
1716,Eric Dolphy,45
1717,Susanne Sundfør,45
1718,"Does It Offend You, Yeah?",45
1719,Cornelius,45
1720,Asian Dub Foundation,45
1721,Sick of It All,45
1722,Pidżama Porno,45
1723,Charlie Parker,45
1724,Tom Waits,45
1725,Juicy J,45
1726,Turin Brakes,45
1727,SuidAkrA,44
1728,Sébastien Tellier,44
1729,The Rapture,44
1730,Liz Phair,44
1731,Winter,44
1732,Eazy-E,44
1733,Danko Jones,44
1734,Sabbat,44
1735,Threat Signal,44
1736,Year of No Light,44
1737,Felt,44
1738,Still Remains,44
1739,Misery Index,44
1740,Crumbsuckers,44
1741,Luke Vibert,44
1742,dEUS,44
1743,Tindersticks,44
1744,Ugly Duckling,43
1745,Priestess,43
1746,Soft Machine,43
1747,Deutsch Amerikanische Freundschaft,43
1748,The United States of America,43
1749,Feeder,43
1750,Fountains of Wayne,43
1751,Shelter,43
1752,Prefuse 73,43
1753,Charlotte Gainsbourg,43
1754,Yusef Lateef,43
1755,Goran Bregović,43
1756,Wolfsheim,43
1757,Dungen,43
1758,Vanessa Carlton,43
1759,IAM,43
1760,Amos Lee,43
1761,Kerli,43
1762,Bonnie Raitt,43
1763,Bajofondo,43
1764,Jan Johansson,43
1765,Tiga,43
1766,Shadows Fall,43
1767,Black Eyed Peas,43
1768,16 Horsepower,43
1769,John Martyn,43
1770,Ben Lee,42
1771,George Benson,42
1772,Blaudzun,42
1773,Trentemøller,42
1774,Sacred Reich,42
1775,Peter Broderick,42
1776,Warrant,42
1777,Ace Hood,42
1778,Die Apokalyptischen Reiter,42
1779,Garth Brooks,42
1780,Empyrium,42
1781,Christopher Tin,42
1782,French Montana,42
1783,Swervedriver,42
1784,Hail of Bullets,42
1785,Flipsyde,42
1786,The Congos,41
1787,Vanessa-Mae,41
1788,Humble Pie,41
1789,Anti-Flag,41
1790,Old Man's Child,41
1791,Roadrunner United,41
1792,Juanes,41
1793,Justin Bieber,41
1794,Annihilator,41
1795,Metal Church,41
1796,Necessary Response,41
1797,Vesania,41
1798,Natasha Bedingfield,41
1799,Philip Glass,41
1800,Hedningarna,41
1801,Slum Village,41
1802,Westlife,41
1803,Pere Ubu,41
1804,The Turtles,40
1805,Morning Glory,40
1806,Ali Farka Touré,40
1807,Lunatic Soul,40
1808,Disembowelment,40
1809,The Upsetters,40
1810,Harold Budd,40
1811,The Airborne Toxic Event,40
1812,Gavin DeGraw,40
1813,Agent Steel,40
1814,Wham!,40
1815,Tankard,40
1816,Eros Ramazzotti,40
1817,Caesars,40
1818,Supergrass,40
1819,The Music,40
1820,Yngwie Malmsteen,40
1821,The Dave Clark Five,40
1822,Fred Neil,39
1823,Tsjuder,39
1824,Krisiun,39
1825,Witchfinder General,39
1826,Doro,39
1827,Luke Bryan,39
1828,22-20s,39
1829,Filter,39
1830,The Futureheads,39
1831,TobyMac,39
1832,Okkervil River,39
1833,Pedro the Lion,39
1834,Nitin Sawhney,39
1835,Corvus Corax,39
1836,The Babies,39
1837,Bikini Kill,39
1838,Michael Bolton,39
1839,Malevolent Creation,39
1840,Bear McCreary,39
1841,Chrome,39
1842,Dopplereffekt,39
1843,Georges Brassens,38
1844,The Marshall Tucker Band,38
1845,Yello,38
1846,Atari Teenage Riot,38
1847,Old Man Markley,38
1848,Burning Spear,38
1849,Black Tide,38
1850,Propellerheads,38
1851,Robert Wyatt,38
1852,KC and The Sunshine Band,38
1853,Ry Cooder,38
1854,Leo Kottke,38
1855,Rob Thomas,38
1856,sToa,38
1857,Laleh,38
1858,Racer X,38
1859,Lloyd Cole and The Commotions,38
1860,Sean Lennon,38
1861,Harry Gregson-Williams,38
1862,Mesh,38
1863,Chic,38
1864,Adorable,38
1865,Thomas Newman,38
1866,Hank Williams III,38
1867,Gorefest,38
1868,Clap Your Hands Say Yeah,38
1869,Carolina Chocolate Drops,38
1870,Strike Anywhere,38
1871,Stevie Ray Vaughan,37
1872,Repulsion,37
1873,Scientist,37
1874,Land of Talk,37
1875,Michael Giacchino,37
1876,Monty Python,37
1877,Stephen Malkmus,37
1878,Kenny Chesney,37
1879,Shoji Meguro,37
1880,Good Shoes,37
1881,D'espairsRay,36
1882,The Drones,36
1883,The Microphones,36
1884,Control Denied,36
1885,Tenhi,36
1886,Jerry Douglas,36
1887,Borgore,36
1888,MALICE MIZER,36
1889,Clint Black,36
1890,Nonpoint,36
1891,Sugababes,36
1892,Vintersorg,36
1893,Mark Ronson,36
1894,Esben and the Witch,36
1895,Albert King,36
1896,The Format,36
1897,Vanessa Paradis,36
1898,Ashley Tisdale,36
1899,Michael Andrews,36
1900,Olivia Newton-John,36
1901,John Fogerty,35
1902,Redman,35
1903,Julio Iglesias,35
1904,Indochine,35
1905,Civil Twilight,35
1906,Leatherface,35
1907,Danny Elfman,35
1908,Cajun Dance Party,35
1909,Doe Maar,35
1910,Tunng,35
1911,Wintersleep,35
1912,Eve,35
1913,Crazy Town,35
1914,Camouflage,35
1915,Edan,35
1916,Sanctuary,35
1917,Lights,35
1918,Pat Metheny Group,35
1919,ABC,35
1920,Sasha,35
1921,The Dears,35
1922,Project Pitchfork,35
1923,Haggard,35
1924,Sugarcult,35
1925,Silencer,34
1926,Dirty Three,34
1927,Bonde do Rolê,34
1928,Lars Frederiksen and the Bastards,34
1929,Angel Witch,34
1930,Little Joy,34
1931,Nick Drake,34
1932,Georges Moustaki,34
1933,Netsky,34
1934,Planet X,34
1935,Mylo,34
1936,Loudness,34
1937,Ben Kweller,34
1938,The Project Hate MCMXCIX,34
1939,Gregorian,34
1940,Café Tacvba,33
1941,Marianne Faithfull,33
1942,Ugly Kid Joe,33
1943,Kenny G,33
1944,João Gilberto,33
1945,Don Henley,33
1946,First Blood,33
1947,Anne Murray,33
1948,Onslaught,33
1949,Throwing Muses,33
1950,Collective Soul,33
1951,Yoav,33
1952,Týr,33
1953,Dolores O'Riordan,33
1954,The Monks,33
1955,Taste,33
1956,Datarock,33
1957,LeAnn Rimes,33
1958,Legion of the Damned,33
1959,Cold,33
1960,Beherit,33
1961,Idlewild,33
1962,Laurie Anderson,33
1963,Bronski Beat,33
1964,Rich Gang,33
1965,Jonny Greenwood,33
1966,PPK,32
1967,Tribalistas,32
1968,Missy Elliott,32
1969,Corey Taylor,32
1970,Sinergy,32
1971,Mark Hollis,32
1972,Ginuwine,32
1973,Annie,32
1974,Al Di Meola,32
1975,Orishas,32
1976,Cancer Bats,32
1977,Xzibit,32
1978,Kenny Rogers,32
1979,Deichkind,32
1980,Lady Sovereign,32
1981,Toxik,32
1982,Recoil,31
1983,Mr. Big,31
1984,Asia,31
1985,Ayria,31
1986,The Bloody Beetroots,31
1987,Helium Vola,31
1988,Iron Savior,31
1989,Jonas Brothers,31
1990,Echoes of Eternity,31
1991,His Name Is Alive,31
1992,The Pop Group,31
1993,Falconer,31
1994,Israel Vibration,31
1995,Gene,31
1996,Nocturnal Rites,31
1997,Matt Costa,31
1998,Babes In Toyland,31
1999,Minnie Riperton,31
2000,State Radio,31
2001,Exciter,31
2002,Watain,31
2003,Bunny Wailer,31
2004,LL Cool J,31
2005,Reuben,30
2006,Giorgio Moroder,30
2007,Renaud,30
2008,Squeeze,30
2009,Stevie Ray Vaughan and Double Trouble,30
2010,Steel Pulse,30
2011,Yelle,30
2012,I'm from Barcelona,30
2013,Rata Blanca,30
2014,Litfiba,30
2015,Eskobar,30
2016,Brad Sucks,30
2017,Photek,30
2018,Lacrimosa,30
2019,Carpenters,30
2020,Naked City,30
2021,K.I.Z.,30
2022,Divine Heresy,30
2023,Powderfinger,30
2024,Bran Van 3000,30
2025,The Cinematics,30
2026,The Yardbirds,29
2027,The Black Mages,29
2028,Blue Man Group,29
2029,Five for Fighting,29
2030,M2M,29
2031,We Are Scientists,29
2032,Giant Drag,29
2033,CMX,29
2034,The Vibrators,29
2035,Vertical Horizon,29
2036,Carly Simon,29
2037,Prefab Sprout,29
2038,Nick Lowe,29
2039,Banco De Gaia,29
2040,Funker Vogt,29
2041,In Fear and Faith,29
2042,2 Chainz,29
2043,Hungry Lucy,29
2044,Bill Evans,29
2045,Gregory Isaacs,29
2046,The Hooters,29
2047,Shining,28
2048,David Holmes,28
2049,Beulah,28
2050,Peace Orchestra,28
2051,John Murphy,28
2052,Amplifier,28
2053,Warren G,28
2054,Wayne Shorter,28
2055,Cast,28
2056,God Macabre,28
2057,The Brian Setzer Orchestra,28
2058,Ved Buens Ende,28
2059,Heather Nova,28
2060,Jaco Pastorius,28
2061,Mississippi John Hurt,28
2062,Suicide,28
2063,Love and Theft,28
2064,Hanson,28
2065,Evoken,28
2066,Mallu Magalhães,28
2067,Half Japanese,28
2068,Portugal. The Man,28
2069,Slaughter,28
2070,Noise Unit,28
2071,Light Asylum,28
2072,Neuroticfish,28
2073,Antimatter,28
2074,Funeral,28
2075,The Ronettes,27
2076,The Word Alive,27
2077,My Life with the Thrill Kill Kult,27
2078,Gary Jules,27
2079,Dr. Feelgood,27
2080,Incognito,27
2081,Darren Hayes,27
2082,The Tough Alliance,27
2083,Periphery,27
2084,Paul Oakenfold,27
2085,Silver Apples,27
2086,Tim Hardin,27
2087,Jacques Brel,27
2088,Hood,27
2089,Audio Bullys,27
2090,Wim Mertens,27
2091,Ringo Starr,27
2092,Morbid Saint,27
2093,Anastacia,27
2094,People Under The Stairs,27
2095,Terror,27
2096,Flo Rida,27
2097,Juliette and the Licks,27
2098,Pissed Jeans,27
2099,The Duke Spirit,27
2100,Lionel Richie,27
2101,Poisonblack,27
2102,Das Ich,27
2103,Champion,27
2104,John Foxx,27
2105,Rhapsody,27
2106,The Go-Go's,27
2107,Catamenia,27
2108,The Bangles,27
2109,Ihsahn,27
2110,Noir Désir,27
2111,Solomon Burke,27
2112,Reverend Bizarre,26
2113,R. Kelly,26
2114,Commodores,26
2115,Ian Anderson,26
2116,Natacha Atlas,26
2117,The Stylistics,26
2118,Virgin Black,26
2119,Screeching Weasel,26
2120,Augustana,26
2121,Gothminister,26
2122,The Von Bondies,26
2123,Dennis Wilson,26
2124,The Sugarcubes,26
2125,Pure Reason Revolution,26
2126,K'naan,26
2127,Gomez,26
2128,The Lucksmiths,26
2129,Frankie Goes to Hollywood,26
2130,We the Kings,26
2131,Ravi Shankar,26
2132,Gorguts,26
2133,Vienna Teng,26
2134,Chicane,26
2135,Chemlab,26
2136,Dead Boys,26
2137,The Commitments,26
2138,Arrested Development,26
2139,Enforcer,26
2140,Xiu Xiu,26
2141,Flamin' Groovies,26
2142,Spiritual Beggars,26
2143,Edenbridge,26
2144,Jennifer Lopez,26
2145,Cherry Poppin' Daddies,25
2146,Indigo Girls,25
2147,Magnolia Electric Co.,25
2148,Suicide Commando,25
2149,Loop,25
2150,Jack White,25
2151,Squirrel Nut Zippers,25
2152,Strawberry Switchblade,25
2153,The View,25
2154,Jason Becker,25
2155,Dark Moor,25
2156,Lucifer's Friend,25
2157,Ultimate Spinach,25
2158,The Pretty Things,25
2159,Skepticism,25
2160,Kid Cudi,25
2161,Caifanes,25
2162,Freezepop,25
2163,Sadus,25
2164,Curved Air,25
2165,Laurent Garnier,25
2166,The Coral,25
2167,Linda Ronstadt,25
2168,Slade,25
2169,Steve Vai,24
2170,MxPx,24
2171,Die Toten Hosen,24
2172,Julie London,24
2173,John Lee Hooker,24
2174,I Killed the Prom Queen,24
2175,Dalida,24
2176,Keith Jarrett,24
2177,DC Talk,24
2178,Smash Mouth,24
2179,Bryan Ferry,24
2180,The Courteeners,24
2181,H.E.A.T,24
2182,Basil Poledouris,24
2183,The Associates,24
2184,Thomas Köner,24
2185,Pitbull,24
2186,Tinariwen,24
2187,The Boo Radleys,24
2188,The Durutti Column,24
2189,AAA,24
2190,Gossip,24
2191,Zyklon,24
2192,Mott the Hoople,24
2193,Antsy Pants,24
2194,The Union Underground,24
2195,Mediæval Bæbes,24
2196,Otyg,24
2197,Black Witchery,24
2198,Fall Of The Leafe,24
2199,Extize,24
2200,Madsen,24
2201,Chicago,24
2202,Joe Jackson,24
2203,Melotron,24
2204,Destruction,23
2205,Forbidden,23
2206,Zoot Woman,23
2207,Parenthetical Girls,23
2208,Shinichi Osawa,23
2209,Finch,23
2210,Ten Sharp,23
2211,Alabama,23
2212,Marcy Playground,23
2213,The Damage Manual,23
2214,Richard Marx,23
2215,The Teardrop Explodes,23
2216,Sondre Lerche,23
2217,Dark Angel,23
2218,Dizzee Rascal,23
2219,Slash's Snakepit,23
2220,Scarlett Johansson,23
2221,Razorlight,23
2222,Nino Rota,23
2223,Basshunter,23
2224,Islands,23
2225,Judee Sill,23
2226,Into Eternity,23
2227,The Mothers of Invention,23
2228,Train,22
2229,Rotten Sound,22
2230,Violadores del Verso,22
2231,Dragged Into Sunlight,22
2232,Gin Blossoms,22
2233,Two Steps from Hell,22
2234,Maître Gims,22
2235,Mary J. Blige,22
2236,The Wake,22
2237,Hefner,22
2238,Martha Wainwright,22
2239,Big Country,22
2240,Quiet Riot,22
2241,Adiemus,22
2242,Aṣa,22
2243,Cock Robin,22
2244,Sanctity,22
2245,Mansun,22
2246,The Zutons,22
2247,Sleepytime Gorilla Museum,22
2248,Lower Than Atlantis,22
2249,Xentrix,22
2250,Electrelane,22
2251,Touch and Go,22
2252,Mobb Deep,22
2253,Jóhann Jóhannsson,22
2254,Aina,22
2255,Mortiis,22
2256,Black Moth Super Rainbow,21
2257,Horrorpops,21
2258,Juan Luis Guerra,21
2259,Allan Holdsworth,21
2260,Joey Ramone,21
2261,Django Reinhardt,21
2262,From First to Last,21
2263,Scandal,21
2264,War,21
2265,Strung Out,21
2266,Marcus Miller,21
2267,Johannes Linstead,21
2268,Phish,21
2269,Christian Death,21
2270,Cheap Trick,21
2271,Venetian Snares,21
2272,Ludacris,21
2273,Motley Crue,21
2274,Yellow Magic Orchestra,21
2275,Aim,21
2276,The Chieftains,21
2277,God Dethroned,21
2278,David Garrett,21
2279,Velvet Acid Christ,21
2280,The Veils,21
2281,Elvis Presley,21
2282,Muff Potter,21
2283,Conor Oberst and the Mystic Valley Band,21
2284,Richard Ashcroft,21
2285,Joe Dassin,21
2286,John Travolta,21
2287,Black Widow,21
2288,Mike Will Made-It,21
2289,The Incredible String Band,21
2290,John Hiatt,21
2291,Peter Heppner,21
2292,Be Your Own Pet,20
2293,Sugar Ray,20
2294,Crass,20
2295,Matt Bianco,20
2296,Eisenfunk,20
2297,Spinvis,20
2298,Dead or Alive,20
2299,The Delgados,20
2300,Alesana,20
2301,Erasure,20
2302,Passengers,20
2303,Bo Diddley,20
2304,Shugo Tokumaru,20
2305,Lords of the Underground,20
2306,Kevin Shields,20
2307,Vonda Shepard,20
2308,Groove Coverage,20
2309,The Left Banke,20
2310,Semisonic,20
2311,The Besnard Lakes,20
2312,Jorn,20
2313,Aeternus,20
2314,Darkseed,20
2315,Firewind,20
2316,Kid Rock,20
2317,Leæther Strip,20
2318,Lighthouse Family,20
2319,Neon Neon,20
2320,soundTeMP,20
2321,Hardline,20
2322,Kill Hannah,20
2323,Klaus Nomi,20
2324,Funki Porcini,20
2325,Hello Saferide,20
2326,Detektivbyrån,20
2327,Moondog,20
2328,LFO,20
2329,Kelis,20
2330,S Club 7,20
2331,Brian Culbertson,20
2332,Scott McKenzie,20
2333,Handsome Boy Modeling School,19
2334,Xela,19
2335,Mourning Beloveth,19
2336,Hit the Lights,19
2337,Paul Dempsey,19
2338,El Perro del Mar,19
2339,Darude,19
2340,Art Garfunkel,19
2341,Halford,19
2342,4 Non Blondes,19
2343,Robin Trower,19
2344,Mission of Burma,19
2345,Roxy Music,19
2346,Mccoy Tyner,19
2347,Wyclef Jean,19
2348,James Brown,19
2349,Geri Halliwell,19
2350,Krishna Das,19
2351,Rooney,19
2352,Hallows Eve,19
2353,Aztec Camera,19
2354,Melissa Etheridge,19
2355,T.V. Carpio,19
2356,The Mighty Mighty Bosstones,19
2357,Chris Tomlin,19
2358,Jim O'Rourke,19
2359,Gorement,19
2360,U.D.O.,19
2361,Seeed,19
2362,Warrel Dane,19
2363,The Field Mice,19
2364,Teenage Bottlerocket,19
2365,Sparta,19
2366,Sigh,19
2367,Triana,19
2368,Mojave 3,19
2369,MC Chris,19
2370,MC5,19
2371,Detroit Diesel,19
2372,Dusty Springfield,19
2373,Mägo de Oz,19
2374,David Draiman,19
2375,Akon,18
2376,Men at Work,18
2377,Hank Williams Jr.,18
2378,The Spinto Band,18
2379,Angela Lansbury,18
2380,maudlin of the Well,18
2381,Don McLean,18
2382,Seabound,18
2383,UB40,18
2384,Keren Ann,18
2385,Craig David,18
2386,Buckcherry,18
2387,Telekinesis,18
2388,Six Feet Under,18
2389,Jay Gordon,18
2390,Leela James,18
2391,Kris Kristofferson,18
2392,Distorted Memory,18
2393,Paul van Dyk,18
2394,Heaven 17,18
2395,Smoke or Fire,18
2396,The Waterboys,18
2397,Joanna Newsom,18
2398,Throbbing Gristle,18
2399,Two Fingers,18
2400,Panteón Rococó,18
2401,Stryper,18
2402,Poe,18
2403,LaBrassBanda,18
2404,Claude-Michel Schönberg,18
2405,The Dave Brubeck Quartet,18
2406,Jeff Wayne,17
2407,Toby Keith,17
2408,!!!,17
2409,Alice Coltrane,17
2410,The Highwaymen,17
2411,Built to Spill,17
2412,The Knocks,17
2413,Slash,17
2414,Alice Deejay,17
2415,Aphrodite,17
2416,DJ Format,17
2417,The Bamboos,17
2418,The Lightning Seeds,17
2419,Skyclad,17
2420,Mark Mothersbaugh,17
2421,Clazziquai Project,17
2422,Colin Hay,17
2423,Mayer Hawthorne,17
2424,Vic Chesnutt,17
2425,Chumbawamba,17
2426,Ark,17
2427,Dorothy Ashby,17
2428,Cold Chisel,17
2429,Bruno Coulais,17
2430,Archie Bronson Outfit,17
2431,Rickie Lee Jones,17
2432,Richard Hawley,17
2433,Alcatrazz,17
2434,Moi dix Mois,17
2435,Tapes 'n Tapes,17
2436,No Use For A Name,17
2437,Alien Ant Farm,17
2438,Yodelice,17
2439,Brigitte Bardot,17
2440,Angtoria,17
2441,Edge of Sanity,17
2442,Kai Rosenkranz,17
2443,Gram Parsons,17
2444,Carter The Unstoppable Sex Machine,17
2445,Jawbox,17
2446,Al Bowlly,17
2447,Queensrÿche,16
2448,Steve Hackett,16
2449,Spirit,16
2450,Banner Pilot,16
2451,"10,000 Maniacs",16
2452,Modern Jazz Quartet,16
2453,Our Last Night,16
2454,Vince DiCola,16
2455,Kyo,16
2456,Failure,16
2457,Lydia Lunch,16
2458,Swamp Dogg,16
2459,Jenny Owen Youngs,16
2460,Bert Jansch,16
2461,Fischer-Z,16
2462,Cirith Ungol,16
2463,Bad Sector,16
2464,Them,16
2465,Zero Kama,16
2466,Goldie,16
2467,Arsis,16
2468,Happy Mondays,16
2469,Delta Goodrem,16
2470,Tanita Tikaram,16
2471,Bent,16
2472,Nokturnal Mortum,16
2473,Keep of Kalessin,16
2474,Wayne Static,16
2475,The Clean,16
2476,Henry Mancini,16
2477,Gotye,16
2478,Way Out West,16
2479,Taproot,16
2480,The Dodos,16
2481,William Orbit,16
2482,Royal Hunt,16
2483,Palisades,16
2484,Liquido,16
2485,Sandra,16
2486,Deerhoof,16
2487,The Diplomats,16
2488,Bowling for Soup,16
2489,Atheist,15
2490,Daevid Allen,15
2491,Mary Chapin Carpenter,15
2492,Imperanon,15
2493,Rose Tattoo,15
2494,Blitz,15
2495,Orchestra Baobab,15
2496,Oingo Boingo,15
2497,Cam'ron,15
2498,Tony Bennett,15
2499,Lambchop,15
2500,Leevi and the Leavings,15
2501,The Adverts,15
2502,Christopher Cross,15
2503,Kenny Dorham,15
2504,Cold Cave,15
2505,Magnetic Man,15
2506,The Wallflowers,15
2507,Rudimental,15
2508,Kreayshawn,15
2509,Craig Armstrong,15
2510,Sparks,15
2511,Framing Hanley,15
2512,Seefeel,15
2513,Dash Berlin,15
2514,The Exploding Hearts,15
2515,Spock's Beard,15
2516,Phantom Blue,15
2517,Jane Monheit,15
2518,Us3,15
2519,Paul Desmond,15
2520,Chris de Burgh,15
2521,Willie Nelson,15
2522,Mutiny Within,15
2523,Dew-Scented,15
2524,T'Pau,15
2525,Matchbook Romance,15
2526,The Boy Least Likely To,15
2527,Indica,15
2528,Lionrock,15
2529,Visions of Atlantis,15
2530,3,15
2531,Satan,15
2532,Marco Borsato,14
2533,Cheikh Lô,14
2534,Cactus,14
2535,India.Arie,14
2536,Los Prisioneros,14
2537,Swing Out Sister,14
2538,The Buggles,14
2539,Kristin Hersh,14
2540,Art Pepper,14
2541,Bond,14
2542,Svartsot,14
2543,Atomic Rooster,14
2544,Unwritten Law,14
2545,Flaw,14
2546,Youssou N'Dour,14
2547,Dilated Peoples,14
2548,The Thermals,14
2549,Fear Before The March Of Flames,14
2550,Eucharist,14
2551,Say Hi,14
2552,Far East Movement,14
2553,Good Riddance,14
2554,Artillery,14
2555,The Jon Spencer Blues Explosion,14
2556,Jennifer Rostock,14
2557,The Copyrights,14
2558,Tarot,14
2559,All About Eve,14
2560,Mountain,14
2561,Leftöver Crack,14
2562,Glittertind,14
2563,B.B. King,14
2564,Wizo,14
2565,Jovanotti,14
2566,Quicksilver Messenger Service,14
2567,Canned Heat,14
2568,A Loss for Words,14
2569,Skaters,14
2570,The Telescopes,14
2571,Keri Hilson,14
2572,Adam Green,14
2573,Fréhel,14
2574,Evan Rachel Wood,14
2575,Ray Charles,14
2576,Nocturnus,14
2577,Mateo Messina,14
2578,Tech N9ne,14
2579,Jane Birkin,14
2580,Vinnie Moore,13
2581,Unter Null,13
2582,The Qemists,13
2583,American Hi-Fi,13
2584,The Guess Who,13
2585,Andromeda,13
2586,La Vela Puerca,13
2587,Zao,13
2588,Tilly and the Wall,13
2589,Boys Noize,13
2590,Maroon,13
2591,Illdisposed,13
2592,Brutality,13
2593,Manau,13
2594,The Sea and Cake,13
2595,Emma Bunton,13
2596,Artifacts,13
2597,Lizz Wright,13
2598,Oleta Adams,13
2599,Goatsnake,13
2600,The Living End,13
2601,Amanda Marshall,13
2602,Procol Harum,13
2603,The Exploited,13
2604,Richard O'Brien,13
2605,Devin Townsend,13
2606,Anthony Green,13
2607,Katra,13
2608,Dry Kill Logic,13
2609,Mala Rodríguez,13
2610,Chavez,13
2611,Ben Moody,13
2612,Pungent Stench,13
2613,The (International) Noise Conspiracy,13
2614,Civet,13
2615,Jennifer Hudson,13
2616,Robert Smith,13
2617,Basic Channel,13
2618,Mudhoney,13
2619,Gwar,13
2620,Late Night Alumni,13
2621,Disco Ensemble,13
2622,MDFMK,13
2623,Keb' Mo',13
2624,The Real McKenzies,13
2625,Sun Araw,13
2626,Matthew Good,12
2627,Bono,12
2628,Comets On Fire,12
2629,Fairyland,12
2630,4hero,12
2631,Nneka,12
2632,The School,12
2633,Add N To (X),12
2634,Alcazar,12
2635,Felix Da Housecat,12
2636,Yazoo,12
2637,Arthur Russell,12
2638,Just Jack,12
2639,Falco,12
2640,K's Choice,12
2641,Alizée,12
2642,For Love Not Lisa,12
2643,Phosgore,12
2644,Hayden Panettiere,12
2645,Nellie McKay,12
2646,King's X,12
2647,Cult of Luna,12
2648,Cracker,12
2649,Love And Rockets,12
2650,Nolwenn Leroy,12
2651,DJ Rap,12
2652,Donna Summer,12
2653,EPMD,12
2654,Lootpack,12
2655,Natalie Cole,12
2656,Tom Tom Club,12
2657,Neko Case,12
2658,Pauline Croze,12
2659,Love Spirals Downwards,12
2660,Ozric Tentacles,12
2661,K-Os,12
2662,Ralph MacDonald,12
2663,Alan Silvestri,12
2664,Astor Piazzolla,12
2665,Fenix TX,12
2666,Christie Front Drive,12
2667,The Weakerthans,12
2668,Katy B,12
2669,High Contrast,12
2670,Ram Jam,12
2671,The Jackson 5,12
2672,Ed Harcourt,12
2673,Catherine Wheel,12
2674,Heathen,12
2675,The Amps,12
2676,L.A. Guns,12
2677,Estradasphere,12
2678,Dragonland,12
2679,Skip James,12
2680,Face to Face,12
2681,Armored Saint,12
2682,S.P.O.C.K,12
2683,The Aquabats,11
2684,Opus III,11
2685,Cassius,11
2686,Destroyer,11
2687,Machinedrum,11
2688,Earshot,11
2689,One Man Army And The Undead Quartet,11
2690,Mud,11
2691,Meat Beat Manifesto,11
2692,Arovane,11
2693,Dark Age,11
2694,Disincarnate,11
2695,Salif Keita,11
2696,Benighted,11
2697,Ebba Grön,11
2698,Macy Gray,11
2699,Tom Verlaine,11
2700,Goose,11
2701,Maceo Parker,11
2702,Ruiner,11
2703,Son House,11
2704,Golden Earring,11
2705,Loretta Lynn,11
2706,Arghoslent,11
2707,Olivia Ruiz,11
2708,Daniel Balavoine,11
2709,Long Distance Calling,11
2710,Brendan Perry,11
2711,Grégory Lemarchal,11
2712,Children On Stun,11
2713,Tuxedomoon,11
2714,Eppu Normaali,11
2715,1208,11
2716,Cilla Black,11
2717,Rita Lee,11
2718,Daniel Powter,11
2719,Swingin' Utters,11
2720,Aereogramme,11
2721,Roger Eno,11
2722,Finsterforst,11
2723,Ella Baila Sola,11
2724,T.M.Revolution,11
2725,Chuck Ragan,11
2726,Sandy Denny,11
2727,Gotthard,11
2728,Xavier Rudd,11
2729,Bel Canto,11
2730,Kim Wilde,11
2731,Hopesfall,11
2732,Godhead,11
2733,Hive,10
2734,Heidevolk,10
2735,Cacophony,10
2736,Diana Ross,10
2737,Tygers of Pan Tang,10
2738,Circus Maximus,10
2739,The Soft Boys,10
2740,Dream Evil,10
2741,Jean-Jacques Goldman,10
2742,Dar Williams,10
2743,Wolfgang Gartner,10
2744,Arckanum,10
2745,Mad Sin,10
2746,Candy Claws,10
2747,VAMPS,10
2748,Spooky Tooth,10
2749,Gustavo Santaolalla,10
2750,Aborym,10
2751,Fishbone,10
2752,Meg Baird,10
2753,Kid Koala,10
2754,Turbostaat,10
2755,John Mayall,10
2756,Des'ree,10
2757,Samhain,10
2758,Soulwax,10
2759,The Style Council,10
2760,The Hidden Cameras,10
2761,Van Dyke Parks,10
2762,Arto Lindsay,10
2763,Hieroglyphics,10
2764,Il Divo,10
2765,Michael Schenker Group,10
2766,Babyface,10
2767,Kate Bush,10
2768,Dreamtale,10
2769,Level 42,10
2770,Bad Manners,10
2771,Dionne Warwick,10
2772,Steve Reich,10
2773,The Stone Poneys,10
2774,Neaera,10
2775,Karen O,10
2776,Jean-Luc Ponty,10
2777,Helene Fischer,10
2778,These New Puritans,10
2779,Mary Elizabeth McGlynn,10
2780,The Retrosic,9
2781,Lisa Miskovsky,9
2782,Eagle-Eye Cherry,9
2783,Big D And The Kids Table,9
2784,Alex Gaudino,9
2785,Red Garland,9
2786,Ufomammut,9
2787,Sam Sparro,9
2788,Default,9
2789,Trouble,9
2790,Glenn Branca,9
2791,Oliver Nelson,9
2792,Sina Vodjani,9
2793,Band ohne Namen,9
2794,Foxboro Hot Tubs,9
2795,Etnica,9
2796,Psapp,9
2797,Cluster,9
2798,Backyard Babies,9
2799,Manfred Mann,9
2800,Doubting Thomas,9
2801,Steeleye Span,9
2802,Grand Funk Railroad,9
2803,Saint Etienne,9
2804,Joan as Police Woman,9
2805,Revolting Cocks,9
2806,Fehlfarben,9
2807,Brendan Benson,9
2808,Ridgewalkers,9
2809,Monaco,9
2810,Global Communication,9
2811,Bella Morte,9
2812,Jon Oliva's Pain,9
2813,Doomriders,9
2814,Transatlantic,9
2815,Harvey Danger,9
2816,Psychotic Waltz,9
2817,Lhasa de Sela,9
2818,Masters of Reality,9
2819,Dr. John,9
2820,Flying Saucer Attack,9
2821,Icona Pop,9
2822,Vital Remains,9
2823,Metalium,9
2824,Terranova,9
2825,Stephen Sondheim,9
2826,The Absence,9
2827,Prinz Pi,9
2828,Toumani Diabaté,9
2829,Dimension Zero,8
2830,OPM,8
2831,Buckingham Nicks,8
2832,Antena,8
2833,Rosetta Stone,8
2834,Melvins,8
2835,Digital Underground,8
2836,Talvin Singh,8
2837,Snap,8
2838,Lucie Silvas,8
2839,Headgirl,8
2840,E-Z Rollers,8
2841,Screamin' Jay Hawkins,8
2842,Ashanti,8
2843,Throw Me The Statue,8
2844,Liquid Liquid,8
2845,Hardwell,8
2846,Chaka Khan,8
2847,Playing For Change,8
2848,Senser,8
2849,Hans-Joachim Roedelius,8
2850,The Datsuns,8
2851,Christ.,8
2852,Julian Cope,8
2853,Benediction,8
2854,Phil Ochs,8
2855,The Teen Idles,8
2856,DJ Food,8
2857,Mekong Delta,8
2858,Spandau Ballet,8
2859,Gabriella Cilmi,8
2860,Rockpile,8
2861,10cc,8
2862,Midtown,8
2863,France Gall,8
2864,Bleed The Sky,8
2865,Acid Drinkers,8
2866,Baby Huey,8
2867,Stacie Orrico,8
2868,Zenet,8
2869,Confessor,8
2870,Robin Thicke,8
2871,Bérurier Noir,8
2872,Juana Molina,8
2873,T-Bone Walker,8
2874,SOJA,8
2875,The Butterfly Effect,8
2876,Plastiscines,8
2877,Farin Urlaub,8
2878,Blutengel,8
2879,Stereo Total,8
2880,Carla Morrison,8
2881,Moby Grape,8
2882,Twista,8
2883,HEARTSREVOLUTION,8
2884,Sheavy,8
2885,Belly,8
2886,BUCK-TICK,8
2887,The Blue Nile,8
2888,Jack Peñate,8
2889,Drexciya,8
2890,Die Fantastischen Vier,8
2891,Fragma,8
2892,Ashbury Heights,7
2893,Voxtrot,7
2894,Will Smith,7
2895,Booka Shade,7
2896,Sugarland,7
2897,Go West,7
2898,Nils Landgren Funk Unit,7
2899,Hem,7
2900,Beginner,7
2901,Painkiller,7
2902,Krokus,7
2903,Paul Gilbert,7
2904,Marlene Kuntz,7
2905,ELLEGARDEN,7
2906,Dry Cell,7
2907,Subhumans,7
2908,Tubeway Army,7
2909,Dimitri From Paris,7
2910,The Little Willies,7
2911,The Tea Party,7
2912,Gladys Knight,7
2913,Japan,7
2914,Chuck Berry,7
2915,The Sins of Thy Beloved,7
2916,Gavin Rossdale,7
2917,Vision Of Disorder,7
2918,Stormwarrior,7
2919,The Dream Syndicate,7
2920,Space,7
2921,Electric Universe,7
2922,Elend,7
2923,Guster,7
2924,Holy Moses,7
2925,Persephone,7
2926,Carl Barât,7
2927,Trent Reznor,7
2928,Keziah Jones,7
2929,Autumn,7
2930,Rocky Votolato,7
2931,Paolo Conte,7
2932,Dog Eat Dog,7
2933,Les Négresses Vertes,7
2934,Ignite,7
2935,Louis XIV,7
2936,Neneh Cherry,7
2937,Propaganda,7
2938,Roger McGuinn,7
2939,Pole,7
2940,The Ark,7
2941,Robert Pattinson,7
2942,Anoushka Shankar,7
2943,The Child of Lov,7
2944,Monolake,7
2945,Torch,7
2946,Pat Carroll,7
2947,Anacrusis,7
2948,Stephen Lynch,7
2949,Gym Class Heroes,7
2950,Asura,7
2951,Dubstar,7
2952,Jellyfish,7
2953,The Ataris,7
2954,Imperial State Electric,6
2955,Lit,6
2956,Darlene Love,6
2957,Our Lady Peace,6
2958,The Lost Fingers,6
2959,Helalyn Flowers,6
2960,Mattias Häggström Gerdt,6
2961,Hatesphere,6
2962,Sunset Rubdown,6
2963,Split Enz,6
2964,Peggy Lee,6
2965,Hi-Standard,6
2966,Institute,6
2967,MDC,6
2968,Melanie C,6
2969,The Young Gods,6
2970,GZA/Genius,6
2971,WC,6
2972,Honeyz,6
2973,Barbra Streisand,6
2974,Cirque du Soleil,6
2975,Trust,6
2976,Disastrous Murmur,6
2977,Do As Infinity,6
2978,Swell,6
2979,Ms. Dynamite,6
2980,Miles Davis Quintet,6
2981,Mark Mancina,6
2982,Buddy Guy,6
2983,Harpo,6
2984,Ms. John Soda,6
2985,Zbigniew Preisner,6
2986,Paul Anka,6
2987,MC Solaar,6
2988,Faust,6
2989,Madredeus,6
2990,Knorkator,6
2991,Stina Nordenstam,6
2992,Deep Dish,6
2993,Buju Banton,6
2994,Chingy,6
2995,Bethlehem,6
2996,SPK,6
2997,Ciccone Youth,6
2998,2raumwohnung,6
2999,Dystopia,6
3000,Atrocity,6
3001,Wilson Phillips,6
3002,Daisy Chainsaw,6
3003,Burning Skies,6
3004,Toad The Wet Sprocket,6
3005,Jai Uttal,6
3006,Non-Prophets,6
3007,Torture Killer,6
3008,Deee-Lite,6
3009,Dead Congregation,6
3010,Kerry Ellis,6
3011,Dornenreich,6
3012,New Years Day,5
3013,Inna Modja,5
3014,Boz Scaggs,5
3015,Illumination,5
3016,Logistics,5
3017,m-flo,5
3018,Incredible Bongo Band,5
3019,A Hawk and a Hacksaw,5
3020,The English Beat,5
3021,Belinda Carlisle,5
3022,Joaquín Sabina,5
3023,Great Big Sea,5
3024,Michael Ball,5
3025,Olivia Olson,5
3026,Samantha Fox,5
3027,John Cruz,5
3028,Solstice,5
3029,John Michael Montgomery,5
3030,Finley Quaye,5
3031,Sam Roberts,5
3032,Cardiacs,5
3033,Love Is Colder Than Death,5
3034,Dog Fashion Disco,5
3035,Pink,5
3036,Cage,5
3037,Jason Isbell and The 400 Unit,5
3038,Octavia Sperati,5
3039,Unwoman,5
3040,Liege Lord,5
3041,Pat Benatar,5
3042,Burden of a Day,5
3043,Al Stewart,5
3044,Peter and the Test Tube Babies,5
3045,The Features,5
3046,Dannii Minogue,5
3047,Jorge Drexler,5
3048,Eiffel 65,5
3049,Hardknox,5
3050,Noisettes,5
3051,Moneybrother,5
3052,Blackstreet,5
3053,Moodymann,5
3054,Black Box Recorder,5
3055,Adagio,5
3056,Mnemic,5
3057,Fourplay,5
3058,KSMB,5
3059,Matthew Good Band,5
3060,Jandek,5
3061,Nusrat Fateh Ali Khan,5
3062,Mouse on Mars,5
3063,Fairground Attraction,5
3064,Goblin,5
3065,Kathleen Edwards,5
3066,Arab Strap,5
3067,Jay-Jay Johanson,5
3068,Status Quo,5
3069,Samantha Sang,5
3070,The Boomtown Rats,5
3071,Van Zant,5
3072,Alan Parsons,5
3073,Kenny Loggins,5
3074,Die Form,5
3075,Wheatus,4
3076,Bilal,4
3077,Slant 6,4
3078,Gov't Mule,4
3079,Sister Machine Gun,4
3080,Dritte Wahl,4
3081,Abandoned Pools,4
3082,Dirty Projectors,4
3083,Alan Vega,4
3084,Armen Chakmakian,4
3085,Heroin in Tahiti,4
3086,Matanza,4
3087,Adam and the Ants,4
3088,Kas Product,4
3089,Jesse McCartney,4
3090,Marine Girls,4
3091,Charlie Hunter,4
3092,John Barry,4
3093,One Night Only,4
3094,Armia,4
3095,Plants and Animals,4
3096,Jacuzzi Boys,4
3097,Maritime,4
3098,Liaisons Dangereuses,4
3099,This Time Next Year,4
3100,O Teatro Mágico,4
3101,Street Dogs,4
3102,Fangoria,4
3103,Plone,4
3104,Transvision Vamp,4
3105,The Apples In Stereo,4
3106,Peeping Tom,4
3107,Rocket from the Crypt,4
3108,Elysian Fields,4
3109,Burst,4
3110,Diamanda Galás,4
3111,Art Brut,4
3112,Liberty X,4
3113,Sportfreunde Stiller,4
3114,Nelly,4
3115,Tracey Ullman,4
3116,Brocas Helm,4
3117,Cybotron,4
3118,Albert Collins,4
3119,Nina Nastasia,4
3120,Exilia,4
3121,Quincy Jones,4
3122,Communic,4
3123,Vengaboys,4
3124,Tiziano Ferro,4
3125,Shirley Bassey,4
3126,The Concretes,4
3127,Lustre,4
3128,Barenaked Ladies,4
3129,Dead to Me,4
3130,Avengers,4
3131,Rinôçérôse,4
3132,Suburban Kids with Biblical Names,4
3133,Ich + Ich,4
3134,Faraquet,4
3135,M.O.P.,4
3136,Eliane Elias,4
3137,Hank Mobley,4
3138,My Morning Jacket,4
3139,Béla Fleck and the Flecktones,4
3140,Die Laughing,4
3141,Lisa Stansfield,4
3142,I Am Kloot,4
3143,Wes Montgomery,4
3144,Connie Britton,4
3145,The Creatures,4
3146,Orange Blossom,4
3147,Citizen Fish,4
3148,Cody ChesnuTT,4
3149,The Innocence Mission,4
3150,The Tumbled Sea,4
3151,Premiata Forneria Marconi,4
3152,Paul Hardcastle,4
3153,Digby Jones,4
3154,Paris Combo,4
3155,Ruff Ryders,4
3156,Ja Rule,4
3157,Ektomorf,4
3158,Angelfish,4
3159,Grand Belial's Key,3
3160,Cassandra Wilson,3
3161,Mariemarie,3
3162,Marit Larsen,3
3163,Veara,3
3164,Army of the Pharaohs,3
3165,Mélissa Laveaux,3
3166,London Funk Allstars,3
3167,Jerry Goldsmith,3
3168,Jan Hammer,3
3169,Nate Dogg,3
3170,This Is the Kit,3
3171,Skitsystem,3
3172,Metro Station,3
3173,Neva Dinova,3
3174,Miss Kittin,3
3175,Dionysos,3
3176,KMD,3
3177,Richard Bona,3
3178,Emily Loizeau,3
3179,No-Man,3
3180,Travis Barker,3
3181,Agathodaimon,3
3182,John Parr,3
3183,Poni Hoax,3
3184,O.C.,3
3185,Ferry Corsten,3
3186,Memphis Bleek,3
3187,Hepcat,3
3188,B12,3
3189,Room Eleven,3
3190,Si*Sé,3
3191,Basia Bulat,3
3192,Slick Rick,3
3193,Schiller,3
3194,Andain,3
3195,Violator,3
3196,E Nomine,3
3197,Ellen Allien,3
3198,The Dickies,3
3199,The Temptations,3
3200,Methods Of Mayhem,3
3201,Joan Osborne,3
3202,Touch,3
3203,Xentrifuge,3
3204,THEE MICHELLE GUN ELEPHANT,3
3205,Witchery,3
3206,16volt,3
3207,Fila Brazillia,3
3208,Anouk,3
3209,SCREW,3
3210,Dj Felli Fel,3
3211,Rank 1,3
3212,Fantastic Plastic Machine,3
3213,fIREHOSE,3
3214,Peter Green,3
3215,Narada Michael Walden,3
3216,Gheorghe Zamfir,3
3217,Pro-Pain,3
3218,Catch 22,3
3219,The Manhattan Transfer,3
3220,Electronic,3
3221,Lucio Battisti,3
3222,Stone,3
3223,These Immortal Souls,3
3224,3rd Bass,3
3225,Stephen Malkmus and the Jicks,3
3226,Diabolical Masquerade,3
3227,The Fireman,3
3228,Värttinä,3
3229,Drowning Pool,3
3230,Sons and Daughters,3
3231,Mario Winans,3
3232,Bunker Hill,3
3233,The Poets of Rhythm,3
3234,Deadsoul Tribe,2
3235,Da Brat,2
3236,The Stills-Young Band,2
3237,Pusha T,2
3238,Monster Movie,2
3239,Garou,2
3240,Audrey,2
3241,Paul Young,2
3242,Holly Johnson,2
3243,Hyde,2
3244,Christina Milian,2
3245,The Muppets,2
3246,Jonathan Jackson,2
3247,Shurik'n,2
3248,The Gun Club,2
3249,Love Like Blood,2
3250,Louis Armstrong,2
3251,Shadowy Men On A Shadowy Planet,2
3252,Nausea,2
3253,Paul Westerberg,2
3254,Perry Farrell,2
3255,Alpha Blondy,2
3256,Lhasa,2
3257,I Mother Earth,2
3258,Almendra,2
3259,Pete Rock,2
3260,David Wise,2
3261,Claudine Longet,2
3262,Leigh Nash,2
3263,Allen Toussaint,2
3264,Casiotone for the Painfully Alone,2
3265,Josh Rouse,2
3266,Oi Va Voi,2
3267,Jean-Jacques Perrey,2
3268,Stephen Stills,2
3269,Tetsu Inoue,2
3270,The Meads of Asphodel,2
3271,Biz Markie,2
3272,Daniel Lanois,2
3273,Sarah Vaughan,2
3274,Thug Life,2
3275,Terence Trent D'Arby,2
3276,cub,2
3277,At Vance,2
3278,China Crisis,2
3279,Living in a Box,2
3280,Powerglove,2
3281,Darkane,2
3282,Eskamon,2
3283,Charlotte Church,2
3284,Thunder,2
3285,David Sylvian,2
3286,Umbra Et Imago,2
3287,Chris Squire,2
3288,Hanoi Rocks,2
3289,Avishai Cohen,2
3290,Holocaust,2
3291,Iron Fire,2
3292,The Answer,2
3293,Scanner,2
3294,Chthonic,2
3295,Cappadonna,2
3296,*NSYNC,2
3297,The J. Geils Band,2
3298,Non Phixion,2
3299,Mustard Plug,2
3300,Peter Baumann,2
3301,Jaki Graham,2
3302,Danny Wilson,2
3303,Shudder To Think,2
3304,Lene Marlin,2
3305,Angie Stone,2
3306,Lustmord,2
3307,The Primitives,2
3308,Ratos De Porão,2
3309,Amerie,2
3310,Chris Pureka,2
3311,Albert Ayler,2
3312,Ataraxia,2
3313,Bernard Herrmann,2
3314,Galt MacDermot,2
3315,Cut and Paste,2
3316,The Submarines,2
3317,The Sandpipers,2
3318,The Bees,2
3319,Nikki Yanofsky,2
3320,Wale,1
3321,Post Regiment,1
3322,Silbermond,1
3323,Grossstadtgeflüster,1
3324,Keiko Matsui,1
3325,Till Brönner,1
3326,Dexys Midnight Runners,1
3327,Scritti Politti,1
3328,Count Raven,1
3329,Believer,1
3330,2 Unlimited,1
3331,Milburn,1
3332,Easton Corbin,1
3333,The Wonder Stuff,1
3334,Smile Empty Soul,1
3335,Gerry Rafferty,1
3336,Pouppée Fabrikk,1
3337,Extreme Noise Terror,1
3338,Triumvirat,1
3339,Peter Andre,1
3340,Republica,1
3341,Rino Gaetano,1
3342,The Raincoats,1
3343,40 Below Summer,1
3344,Tom Rush,1
3345,Oz,1
3346,Sylvain Chauveau,1
3347,Eternal,1
3348,Alchemist,1
3349,Blut aus Nord,1
3350,Negative,1
3351,Graham Colton,1
3352,Cirrus,1
3353,Sam Palladio,1
3354,Clare Bowen,1
3355,Nino Ferrer,1
3356,Royal Trux,1
3357,Coldcut,1
3358,The Red Chord,1
3359,Alexander Rybak,1
3360,Master Musicians of Bukkake,1
3361,Mari Boine,1
3362,Abecedarians,1
3363,Plies,1
3364,Shadow Gallery,1
3365,Skinless,1
3366,Frida Hyvönen,1
3367,High Rise,1
3368,Live,1
3369,The Knack,1
3370,MaxNormal.TV,1
3371,Cassie,1
3372,Gene Pitney,1
3373,Fler,1
3374,Nightbringer,1
3375,Glenn Miller,1
3376,Pretty Girls Make Graves,1
3377,Ablaze My Sorrow,1
3378,Soul Asylum,1
3379,Lisa Loeb,1
3380,Ace Frehley,1
3381,Jerry Garcia,1
3382,,0
